Date,Open,High,Low,Close,Volume
2020-01-02,71.8775,72.9366,71.6219,72.8761,139763612.84363
2020-01-03,72.1008,72.9327,71.9419,72.17,150982061.8108
2020-01-06,71.2811,72.7805,71.0342,72.7408,122176783.76774
2020-01-07,72.7507,73.0105,72.1818,72.4022,114894359.20646
2020-01-08,72.1027,73.8678,72.1008,73.5657,136380294.47519
2020-01-09,74.5463,75.3176,74.2976,75.131,175659491.19522
2020-01-10,75.3602,75.865,74.7933,75.296,145143693.91766
2020-01-13,75.615,76.9346,75.4935,76.9079,125791558.05975
2020-01-14,76.8438,77.054,75.7453,75.8679,167548264.24253
2020-01-15,75.6664,76.5523,75.1123,75.541,125623240.65376
2020-01-16,76.0901,76.5986,75.7257,76.4881,112131378.79814
2020-01-17,76.7379,77.3385,76.4308,77.3365,141998444.00739
2020-01-21,76.9641,77.4056,76.6718,76.812,114206745.71815
2020-01-22,77.299,77.6427,76.9929,77.0857,104922514.25477
2020-01-23,77.138,77.5372,76.5869,77.456,107642121.86298
2020-01-24,77.7069,78.4506,77.041,77.2329,150984128.29114
2020-01-27,75.2297,75.6466,73.9745,74.9641,166854010.88253
2020-01-28,75.8482,77.2554,75.7492,77.0837,167156853.02034
2020-01-29,78.7242,79.5479,77.9754,78.6964,223172327.25074
2020-01-30,77.779,78.6353,77.3405,78.5819,130589196.43403
2020-01-31,77.8709,78.2965,74.8031,75.1023,205644797.35217
2020-02-03,73.8362,76.0664,73.3295,74.894,179265113.64214
2020-02-04,76.5059,77.5567,76.1,77.3661,140762097.46981
2020-02-05,78.4971,78.8002,77.3879,77.9933,122432620.31195
2020-02-06,78.2689,78.9119,77.7119,78.9089,108624627.4628
2020-02-07,78.4041,78.6551,77.3405,77.8363,120968017.30101
2020-02-10,76.4129,78.2048,76.332,78.2048,112400232.85229
2020-02-11,78.7044,78.7775,77.5152,77.7365,96955203.83774
2020-02-12,78.185,79.5854,78.185,79.5794,116903934.90019
2020-02-13,78.8466,79.3405,78.6423,79.0125,97391497.47406
2020-02-14,78.982,79.2822,78.5218,79.0324,82349362.265521
2020-02-18,76.6986,77.7691,76.5177,77.5863,157025002.14581
2020-02-19,77.8284,78.9404,77.8284,78.7084,96606585.262206
2020-02-20,78.4674,78.9603,77.3929,77.9034,103372249.00173
2020-02-21,77.4936,77.935,75.5163,76.1375,133325092.88878
2020-02-24,72.2993,73.9785,70.3439,72.5216,228395664.62619
2020-02-25,73.1953,73.5795,69.5913,70.0634,237110387.87606
2020-02-26,69.6889,72.4514,69.682,71.1763,204258823.86777
2020-02-27,68.3695,69.5606,66.3863,66.5235,329552013.89458
2020-02-28,62.5719,67.7146,62.3525,66.4839,438797128.15266
2020-03-02,68.6519,73.3135,67.5458,72.6717,350924037.59824
2020-03-03,73.8549,73.935,69.5112,70.3665,328390360.34477
2020-03-04,72.0989,73.7927,71.291,73.6308,225294435.50598
2020-03-05,71.8746,72.8546,70.8742,71.2396,192807092.45544
2020-03-06,68.5839,70.7311,68.4,70.2943,232488443.86799
2020-03-09,64.1482,67.6356,63.9655,64.7339,294746437.30299
2020-03-10,67.4016,69.6683,65.5152,69.3986,293251091.22042
2020-03-11,67.4638,68.398,66.1206,66.9896,263534150.08774
2020-03-12,62.248,65.6682,60.3159,60.3734,430151571.75156
2020-03-13,64.4227,68.0791,61.523,67.606,381077397.91528
2020-03-16,58.8464,63.0114,58.3712,58.9095,331420676.0809
2020-03-17,60.1976,62.6548,57.9832,61.5012,333098629.77211
2020-03-18,58.3141,60.8039,57.669,59.9931,308611633.48708
2020-03-19,60.1678,61.4972,59.0064,59.5328,279443178.35751
2020-03-20,60.1175,61.2492,55.4508,55.754,412902624.86828
2020-03-23,55.4694,55.5732,51.7103,54.5706,346149909.10817
2020-03-24,57.4864,60.2418,56.9846,60.0435,295554640.70244
2020-03-25,60.9856,62.8089,59.4153,59.7154,312074045.09983
2020-03-26,59.9564,62.9146,59.917,62.8553,259608378.09732
2020-03-27,61.4746,62.2301,60.0848,60.2548,209915269.6041
2020-03-30,60.9828,62.1452,60.6588,61.9732,172663817.60757
2020-03-31,62.1639,63.8419,61.2919,61.8448,202499338.87016
2020-04-01,59.9524,60.4908,58.1569,58.5944,181135923.30755
2020-04-02,58.4532,59.6237,57.6157,59.5702,170564351.53753
2020-04-03,59.0509,59.759,58.1214,58.716,133504368.41178
2020-04-06,61.0202,63.9909,60.6538,63.837,207452071.60618
2020-04-07,65.8617,66.082,62.9936,63.0964,208548888.70233
2020-04-08,63.9013,65.0281,63.5319,64.71,173608301.3865
2020-04-09,65.3502,65.6849,64.3803,65.1804,166640347.34461
2020-04-13,65.2592,66.5688,64.6518,66.4584,134679111.35791
2020-04-14,68.0989,70.1047,67.6258,69.8154,200436006.33788
2020-04-15,68.6815,69.6405,68.2529,69.1773,134814426.83991
2020-04-16,69.8924,70.0919,68.6698,69.7285,161509731.25143
2020-04-17,69.2397,69.7876,67.3336,68.7802,221256454.949
2020-04-20,67.6011,68.5068,67.3316,67.351,133643064.57868
2020-04-21,67.1941,67.4291,64.555,65.2731,186042132.39247
2020-04-22,66.5463,67.5882,66.2024,67.1498,120323847.48673
2020-04-23,67.0965,68.5237,66.8534,66.892,128297267.2337
2020-04-24,67.4174,68.8326,67.3679,68.8228,130038952.75826
2020-04-27,68.5353,69.2041,68.086,68.8722,120354899.36607
2020-04-28,69.3344,69.5191,67.6633,67.755,115130238.67371
2020-04-29,69.2493,70.4525,69.0451,69.9784,141111633.35607
2020-04-30,70.5246,71.6319,70.1286,71.4559,188172264.58535
2020-05-01,69.6208,72.7182,69.5231,70.3043,247331098.41794
2020-05-04,70.3299,71.4283,69.6366,71.2989,137295154.99006
2020-05-05,71.7621,73.2061,71.617,72.3734,151874171.80466
2020-05-06,73.0777,73.7532,72.6865,73.1193,146305573.25144
2020-05-07,73.7483,74.2225,73.4422,73.8718,118430126.31532
2020-05-08,74.5363,75.6861,74.2076,75.6308,137416558.93852
2020-05-11,75.139,77.3187,74.9276,76.822,149613863.49981
2020-05-12,77.5102,77.9618,75.8212,75.9428,166379668.08825
2020-05-13,76.1256,77.051,73.9419,75.0283,205664190.47541
2020-05-14,74.2619,75.5489,73.5359,75.4865,162922955.7493
2020-05-15,73.2445,75.0905,73.212,75.043,170528703.9922
2020-05-18,76.3735,77.1844,75.6801,76.81,138774404.5981
2020-05-19,76.8269,77.6803,76.3339,76.3665,104285996.79641
2020-05-20,77.2289,77.9202,77.1122,77.851,114306974.5711
2020-05-21,77.7138,78.2571,77.0313,77.2704,105269410.59461
2020-05-22,77.0077,77.851,76.9049,77.7691,83858722.142548
2020-05-26,78.8942,79.0737,77.1844,77.2408,128676174.27544
2020-05-27,77.0966,77.7267,76.3537,77.5795,115783401.37307
2020-05-28,77.2505,78.8792,76.973,77.6141,137158710.58812
2020-05-29,77.856,78.3192,77.1775,77.5372,157458043.68273
2020-06-01,77.4906,78.6106,77.3584,78.4902,83054605.12952
2020-06-02,78.2214,78.8792,77.779,78.8546,89845277.229913
2020-06-03,79.1756,79.5499,78.5988,79.286,107117075.88263
2020-06-04,79.1094,79.4087,78.2293,78.6037,89760748.970163
2020-06-05,78.8566,80.904,78.8271,80.8438,140699294.08453
2020-06-08,80.5396,81.3552,79.8225,81.3219,98058328.710739
2020-06-09,80.9998,84.2857,80.9672,83.8887,151424366.56608
2020-06-10,84.8417,86.517,84.4013,86.0468,170839703.71558
2020-06-11,85.1865,85.6152,81.8136,81.9174,206730220.9631
2020-06-12,84.0674,84.8171,81.5074,82.6237,205175711.3761
2020-06-15,81.2693,84.3025,81.1054,83.6458,142297182.54656
2020-06-16,85.7111,86.1347,84.0674,85.8622,169585944.47394
2020-06-17,86.6108,86.672,85.621,85.7426,117281534.82478
2020-06-18,85.6991,86.1959,85.1648,85.7772,99253477.264359
2020-06-19,86.4853,86.9565,84.1723,85.2863,271122069.49555
2020-06-22,85.6823,87.6607,85.6359,87.5185,138848997.34994
2020-06-23,88.7678,90.8143,88.347,89.3871,217486934.58982
2020-06-24,89.0118,89.9372,87.4326,87.807,197464011.71929
2020-06-25,87.9639,89.0118,87.2003,88.9721,140978446.11595
2020-06-26,88.8685,89.0898,86.0903,86.2414,210414938.6793
2020-06-29,86.1466,88.3224,85.6675,88.2285,133929206.80134
2020-06-30,87.813,89.2528,87.793,88.9625,143747089.34867
2020-07-01,89.0412,89.5885,88.748,88.7945,113520059.66542
2020-07-02,89.7091,90.346,88.6838,88.7945,116907325.70992
2020-07-06,90.2307,91.64,90.1999,91.1709,121637462.77202
2020-07-07,91.5509,92.3343,90.7767,90.8893,115249677.39025
2020-07-08,91.8701,93.0355,91.7812,93.004,120034393.42809
2020-07-09,93.9047,93.9569,92.3512,93.3379,128800000.08624
2020-07-10,92.996,93.6271,92.3837,93.5678,92525481.988723
2020-07-13,94.8794,97.5106,92.9198,93.1362,196465272.95956
2020-07-14,92.515,94.8695,91.5767,94.678,175286318.86424
2020-07-15,96.5635,96.8162,94.127,95.3308,157047789.11625
2020-07-16,94.1942,95.0177,93.5521,94.1564,113356484.73562
2020-07-17,94.6089,94.767,93.4898,93.9669,94503553.222653
2020-07-20,94.0518,96.0864,93.7081,95.9461,92587591.8223
2020-07-21,96.7441,96.8182,94.371,94.6219,106250450.11723
2020-07-22,94.3215,95.5728,94.2326,94.8874,91238259.130268
2020-07-23,94.6219,94.6979,89.7544,90.5682,201955143.77528
2020-07-24,88.7549,90.6907,86.9614,90.344,190098935.03157
2020-07-27,91.4147,92.5792,91.1876,92.4864,124260299.16097
2020-07-28,92.0557,92.2316,90.9613,90.9663,106229605.09158
2020-07-29,91.4534,92.8935,91.4177,92.7126,92599228.303738
2020-07-30,91.8781,93.9382,91.469,93.8336,162103819.54498
2020-07-31,100.368,103.813,98.3423,103.664,383701494.84714
2020-08-03,105.533,108.9,105.235,106.263,315895219.36778
2020-08-04,106.461,108.081,105.721,106.975,177134629.10473
2020-08-05,106.698,107.696,106.225,107.36,125057604.17999
2020-08-06,107.706,111.606,107.104,111.112,207515925.95012
2020-08-07,110.64,111.092,107.785,108.575,202657092.01553
2020-08-10,110.047,111.192,107.498,110.173,217349226.60755
2020-08-11,109.423,109.929,106.629,106.896,192277672.54316
2020-08-12,107.991,110.71,107.795,110.451,169808836.80576
2020-08-13,111.824,113.395,111.342,112.386,214973813.01872
2020-08-14,112.219,112.376,110.481,112.289,169420384.06255
2020-08-17,113.414,113.444,111.362,112.002,122345426.18118
2020-08-18,111.744,113.355,111.41,112.921,108093210.93158
2020-08-19,113.335,114.502,112.97,113.068,148926850.41466
2020-08-20,113.107,115.696,113.088,115.586,129862215.53328
2020-08-21,116.546,122.017,116.536,121.532,345926222.98869
2020-08-24,125.768,125.848,121.129,122.995,353992907.72196
2020-08-25,121.859,122.323,120.25,121.977,216420453.54666
2020-08-26,123.311,124.11,122.224,123.646,166818231.71424
2020-08-27,124.258,124.575,121.02,122.154,159174412.03873
2020-08-28,123.143,123.567,121.741,121.967,191998866.78135
2020-08-31,124.674,128.002,123.133,126.106,230958162.01652
2020-09-01,129.74,131.725,127.577,131.122,156020400.08981
2020-09-02,134.47,134.838,124.12,128.397,204778749.71528
2020-09-03,124.031,125.907,117.76,118.126,263597832.30935
2020-09-04,117.346,120.891,108.358,118.204,340351900.86202
2020-09-08,111.362,116.287,110.126,110.261,236753920.52265
2020-09-09,114.597,116.426,112.634,114.657,181060503.35607
2020-09-10,117.631,117.76,109.949,110.914,186518638.86559
2020-09-11,111.963,112.604,107.498,109.453,185071645.99314
2020-09-14,112.111,113.285,110.242,112.734,143413473.76469
2020-09-15,115.636,116.119,111.022,112.901,188941418.4924
2020-09-16,112.604,113.355,109.493,109.581,158636462.95917
2020-09-17,107.22,109.65,106.235,107.834,182155942.46117
2020-09-18,107.892,108.348,103.684,104.415,293790102.39597
2020-09-21,102.155,107.686,100.761,107.576,200271000.76786
2020-09-22,110.126,110.301,106.678,109.268,187317807.8681
2020-09-23,109.078,109.561,104.346,104.674,154228148.06456
2020-09-24,102.778,107.746,102.609,105.749,171649241.56927
2020-09-25,105.956,109.889,105.206,109.73,153473751.11538
2020-09-28,112.386,112.694,110.222,112.337,140878096.77739
2020-09-29,111.943,112.684,110.983,111.488,102390429.86622
2020-09-30,111.202,114.597,111.032,113.166,145997366.9721
2020-10-01,114.956,115.034,113.185,114.135,118824297.56956
2020-10-02,110.331,112.734,109.67,110.461,148081596.16673
2020-10-05,111.322,113.996,110.964,113.847,108717722.35175
2020-10-06,113.058,113.474,109.7,110.601,165258687.04308
2020-10-07,112.012,112.911,111.528,112.455,99104108.50102
2020-10-08,113.603,113.751,111.982,112.347,85420913.447525
2020-10-09,112.654,114.344,112.298,114.314,102847161.50954
2020-10-12,117.336,122.323,116.576,121.561,245820436.48618
2020-10-13,122.412,122.53,116.929,118.342,268438798.93444
2020-10-14,118.244,120.23,116.899,118.431,154579784.85563
2020-10-15,116.022,118.441,115.457,117.966,115180153.13454
2020-10-16,118.521,118.778,116.109,116.317,118080745.33915
2020-10-19,117.237,117.68,113.02,113.335,123448417.40627
2020-10-20,113.554,116.277,112.99,114.836,127320927.66294
2020-10-21,114.016,116.003,113.799,114.215,92040367.374552
2020-10-22,114.786,115.347,111.982,113.107,104362737.02734
2020-10-23,113.741,113.896,111.675,112.415,84495342.8743
2020-10-26,111.41,113.896,110.321,112.425,114455091.90392
2020-10-27,112.852,114.617,111.933,113.946,94425429.938242
2020-10-28,112.425,112.792,108.565,108.663,147289406.21812
2020-10-29,109.82,114.275,109.65,112.694,149531782.41448
2020-10-30,108.525,109.443,105.255,106.383,195010966.9134
2020-11-02,106.629,108.17,104.872,106.293,125727847.48859
2020-11-03,107.162,108.95,106.253,107.932,110130477.05694
2020-11-04,111.537,112.951,109.8,112.327,141454287.38692
2020-11-05,115.263,116.899,114.215,116.317,129329989.01466
2020-11-06,115.825,116.695,113.682,116.188,116921350.64171
2020-11-09,117.966,119.419,113.603,113.866,157840883.21329
2020-11-10,113.107,115.104,111.724,113.524,140994009.01129
2020-11-11,114.726,117.118,113.986,116.979,114711831.58407
2020-11-12,117.108,117.996,116.071,116.705,105575048.20141
2020-11-13,116.929,117.157,115.377,116.753,83446736.228004
2020-11-16,116.416,118.441,115.656,117.77,93145512.153621
2020-11-17,117.039,118.126,116.456,116.879,75869477.266815
2020-11-18,116.109,117.306,115.507,115.537,77964759.751952
2020-11-19,115.104,116.556,114.354,116.139,75708074.115731
2020-11-20,116.149,116.267,114.816,114.866,75188440.876166
2020-11-23,114.716,115.134,111.362,111.449,130713333.07748
2020-11-24,111.508,113.404,110.222,112.734,116325084.49454
2020-11-25,113.097,114.294,112.734,113.583,78145694.736623
2020-11-27,114.115,115.004,113.77,114.135,47696248.589142
2020-11-30,114.512,118.422,114.354,116.546,173056320.28778
2020-12-01,118.461,120.871,117.493,120.13,130925283.49204
2020-12-02,119.449,120.772,118.342,120.486,90919795.373029
2020-12-03,120.921,121.178,119.638,120.348,80667217.902001
2020-12-04,120.01,120.27,118.955,119.676,79944787.105446
2020-12-07,119.735,121.937,119.676,121.148,88482306.375088
2020-12-08,121.741,122.342,120.496,121.751,83773767.626931
2020-12-09,121.898,123.301,118.451,119.211,117348865.02712
2020-12-10,117.966,121.266,117.631,120.643,83061880.841311
2020-12-11,119.853,120.17,118.016,119.834,88810955.72384
2020-12-14,120.01,120.752,118.975,119.211,80777907.74218
2020-12-15,121.711,125.196,121.503,125.176,160963624.58629
2020-12-16,124.723,125.662,123.904,125.108,100322293.0962
2020-12-17,126.186,126.857,125.336,125.987,96390678.059199
2020-12-18,126.245,126.382,123.468,124.001,196685486.25807
2020-12-21,122.382,125.603,120.841,125.524,123861199.13343
2020-12-22,128.832,131.568,126.926,129.099,172996714.32774
2020-12-23,129.373,129.643,128.012,128.19,90122495.416428
2020-12-24,128.545,130.65,128.328,129.188,56112301.136293
2020-12-28,131.162,134.46,130.699,133.819,127165502.21884
2020-12-29,135.143,135.865,131.509,132.022,123652575.74209
2020-12-30,132.684,133.128,130.59,130.906,98528023.189845
2020-12-31,131.251,131.893,128.94,129.899,101249830.92632
2021-01-04,130.709,130.797,124.1,126.688,146386113.33574
2021-01-05,126.176,128.96,125.719,128.239,99766897.900592
2021-01-06,125.019,128.279,123.726,123.942,158425863.19858
2021-01-07,125.652,128.852,125.156,128.151,111936561.64197
2021-01-08,129.643,129.84,127.499,129.266,107421522.80798
2021-01-11,126.47,127.439,125.788,126.265,102786501.55339
2021-01-12,125.788,126.966,124.199,126.086,93930171.244412
2021-01-13,126.047,128.673,125.778,128.121,90544524.162207
2021-01-14,128.032,128.229,126.047,126.196,92163560.382683
2021-01-15,126.066,127.489,124.328,124.456,114000419.65356
2021-01-19,125.079,125.997,124.278,125.127,92710662.319837
2021-01-20,125.947,129.7,125.838,129.246,106564714.08982
2021-01-21,130.984,136.723,130.777,133.998,123123650.93459
2021-01-22,133.416,136.901,132.171,136.13,116922819.75635
2021-01-25,140.061,142.026,133.67,139.913,161003923.48424
2021-01-26,140.585,141.256,138.382,140.151,100508174.06642
2021-01-27,140.416,141.256,137.453,139.063,143875081.53213
2021-01-28,136.575,138.993,133.829,134.215,145690702.70627
2021-01-29,132.969,133.869,127.479,129.178,181344582.13584
2021-02-01,130.935,132.526,128.161,131.311,108526378.01655
2021-02-02,132.872,133.446,131.764,132.141,85098313.69214
2021-02-03,132.9,132.91,130.797,131.112,91815407.549902
2021-02-04,133.436,134.51,131.745,134.5,85994897.85389
2021-02-05,134.66,134.728,133.198,134.086,77207582.521045
2021-02-08,133.366,134.283,132.268,134.233,72723042.74999
2021-02-09,133.949,135.173,133.188,133.346,78309572.399205
2021-02-10,133.809,134.313,131.754,132.733,74507374.110991
2021-02-11,133.238,133.72,131.142,132.477,65565525.33267
2021-02-12,131.706,132.872,131.084,132.713,61347934.120423
2021-02-16,132.832,133.346,130.184,130.58,82187711.055796
2021-02-17,128.673,129.633,126.936,128.269,100046795.12042
2021-02-18,126.668,127.449,124.9,127.171,98793724.368063
2021-02-19,127.696,128.141,126.275,127.331,89422066.915019
2021-02-22,125.494,127.181,123.143,123.537,105994577.12359
2021-02-23,121.336,124.239,116.071,123.399,161438222.52659
2021-02-24,122.491,123.105,119.834,122.895,113260521.4788
2021-02-25,122.234,123.981,118.175,118.608,151163289.40342
2021-02-26,120.18,122.402,118.817,118.877,167851333.1768
2021-03-01,121.326,125.415,120.378,125.276,118633860.42024
2021-03-02,125.888,126.196,122.56,122.669,104305996.39771
2021-03-03,122.362,123.251,119.449,119.667,115225482.05423
2021-03-04,119.359,121.178,116.297,117.78,181717782.81637
2021-03-05,118.598,119.549,115.263,119.034,156841681.74827
2021-03-08,118.55,118.618,113.926,114.075,157463888.75429
2021-03-09,116.705,119.667,116.466,118.708,132116084.43833
2021-03-10,119.299,119.774,117.118,117.641,114182010.72803
2021-03-11,120.13,120.791,118.877,119.569,105086876.8973
2021-03-12,118.046,118.788,116.83,118.648,89867007.166797
2021-03-15,119.024,121.561,118.066,121.552,94442214.90207
2021-03-16,123.241,124.723,122.263,123.114,117532306.92279
2021-03-17,121.611,123.399,119.942,122.313,114171106.27269
2021-03-18,120.466,120.762,117.966,118.165,123898951.6335
2021-03-19,117.562,119.044,117.336,117.641,189260210.29454
2021-03-22,117.976,121.443,117.909,120.97,114150347.30821
2021-03-23,120.911,121.8,119.744,120.13,97376329.447572
2021-03-24,120.407,120.486,117.71,117.74,90300950.827182
2021-03-25,117.207,119.269,116.675,118.224,100821414.41743
2021-03-26,117.996,119.094,116.596,118.827,95952505.252119
2021-03-29,119.26,120.17,118.362,119.004,82435454.813431
2021-03-30,117.76,118.046,116.536,117.562,87385217.933163
2021-03-31,119.26,121.099,118.768,119.754,120690107.58776
2021-04-01,121.236,121.741,120.08,120.584,76590794.330703
2021-04-05,121.443,123.696,120.653,123.438,90424052.71173
2021-04-06,124.031,124.634,123.191,123.746,81774547.622073
2021-04-07,123.369,125.405,122.688,125.385,85135914.319579
2021-04-08,126.42,127.832,125.997,127.805,90621339.316972
2021-04-09,127.261,130.432,126.936,130.392,108820263.71872
2021-04-12,129.929,130.244,128.062,128.663,93248232.7303
2021-04-13,129.85,132.012,129.344,131.784,93091725.953028
2021-04-14,132.287,132.347,129.069,129.443,88967095.981816
2021-04-15,131.192,132.347,131.024,131.853,91133898.329111
2021-04-16,131.657,132.022,130.669,131.528,86620694.116569
2021-04-19,130.896,132.812,130.728,132.19,96149345.351809
2021-04-20,132.367,132.872,129.228,130.5,96708440.164855
2021-04-21,129.77,131.122,128.722,130.887,70223966.360342
2021-04-22,130.432,131.518,128.832,129.354,86257647.640532
2021-04-23,129.573,132.467,129.573,131.677,80331786.93377
2021-04-26,132.181,132.407,130.944,132.072,68243061.183008
2021-04-27,132.357,132.753,131.479,131.745,67336012.996577
2021-04-28,131.667,132.367,130.471,130.964,109915122.67033
2021-04-29,133.799,134.392,129.86,130.867,154122724.15494
2021-04-30,129.198,130.944,128.487,128.882,112036075.68104
2021-05-03,129.453,131.44,129.246,129.948,76637679.438675
2021-05-04,128.613,128.912,124.229,125.336,140315787.32685
2021-05-05,126.668,127.892,125.455,125.583,85680780.691519
2021-05-06,125.375,127.211,124.634,127.201,79690773.032875
2021-05-07,128.497,128.902,127.151,127.872,80416016.510668
2021-05-10,127.092,127.221,124.535,124.575,89680181.548783
2021-05-11,121.286,124.011,120.564,123.656,128447299.17422
2021-05-12,121.188,122.402,120.05,120.564,114221530.01312
2021-05-13,122.342,123.895,122.027,122.727,107795294.52963
2021-05-14,123.991,125.593,123.597,125.156,83414490.629741
2021-05-17,124.545,124.654,122.925,124.011,75600980.619594
2021-05-18,124.298,124.713,122.54,122.61,64500124.610187
2021-05-19,120.95,122.678,120.653,122.452,94303895.379306
2021-05-20,122.985,125.425,122.856,125.019,78261207.039264
2021-05-21,125.524,125.701,122.965,123.182,80744064.443778
2021-05-24,123.756,125.642,123.686,124.823,64245574.933452
2021-05-25,125.524,126.017,124.061,124.625,73325006.146005
2021-05-26,124.683,125.098,124.159,124.575,57609491.96517
2021-05-27,124.179,125.345,122.836,123.035,96354293.42534
2021-05-28,123.321,123.547,122.313,122.372,72613873.661148
2021-06-01,122.836,123.105,121.711,122.047,68872764.622392
2021-06-02,122.057,122.995,121.82,122.817,60361812.939359
2021-06-03,122.442,122.61,120.921,121.326,77621782.738636
2021-06-04,121.84,123.904,121.621,123.636,76542594.005694
2021-06-07,123.913,124.061,122.6,123.646,72355683.091065
2021-06-08,124.338,126.156,123.952,124.466,75763038.847986
2021-06-09,124.92,125.455,124.258,124.851,57917025.954976
2021-06-10,124.743,125.888,123.686,123.855,72486909.149202
2021-06-11,124.268,125.146,123.845,125.059,54500159.933533
2021-06-14,125.524,128.19,124.793,128.131,98676850.274112
2021-06-15,127.617,128.249,127.073,127.321,63892629.000251
2021-06-16,128.022,128.535,126.156,127.813,93492373.056504
2021-06-17,127.479,130.174,127.331,129.423,98488653.752429
2021-06-18,128.357,129.149,127.902,128.111,110943750.97749
2021-06-21,127.962,130.036,126.897,129.929,81118665.390028
2021-06-22,129.76,131.667,129.256,131.578,76149822.004683
2021-06-23,131.37,131.903,130.847,131.301,61314238.644721
2021-06-24,132.032,132.22,130.55,131.024,69966262.79518
2021-06-25,131.074,131.489,130.432,130.728,72076876.316768
2021-06-28,131.024,132.812,130.964,132.357,63245998.849245
2021-06-29,132.377,134.048,131.933,133.889,65735440.438809
2021-06-30,133.729,134.945,133.436,134.51,64417099.889542
2021-07-01,134.156,134.866,133.326,134.808,53444631.944931
2021-07-02,135.429,137.493,135.28,137.453,80387809.712062
2021-07-06,137.562,140.585,137.562,139.47,110158139.13903
2021-07-07,140.962,142.294,140.101,141.977,106828192.86512
2021-07-08,139.033,141.473,138.135,140.673,107504191.13416
2021-07-09,140.191,143.044,140.091,142.512,101715681.00274
2021-07-12,143.587,143.696,141.413,141.907,77693619.508365
2021-07-13,141.473,144.811,141.06,143.034,102669083.7554
2021-07-14,145.436,146.888,145.028,146.471,129371844.1009
2021-07-15,146.56,147.31,144.457,145.809,108771769.77328
2021-07-16,145.789,147.074,143.263,143.766,94955012.86049
2021-07-19,141.167,141.483,139.123,139.894,123653030.34751
2021-07-20,140.892,144.467,140.396,143.527,98110229.665665
2021-07-21,142.926,143.507,142.036,142.796,76363496.679928
2021-07-22,143.319,145.523,143.204,144.17,78751027.680209
2021-07-23,144.899,146.047,144.287,145.889,72752672.08896
2021-07-26,145.601,147.143,145.048,146.314,73757370.330966
2021-07-27,146.451,146.531,142.946,144.14,106733483.0638
2021-07-28,142.244,144.337,139.983,142.384,121103915.97395
2021-07-29,142.095,143.925,141.987,143.034,57735304.270044
2021-07-30,141.791,143.706,141.523,143.243,71727488.253208
2021-08-02,143.736,144.317,142.648,142.916,64028699.795505
2021-08-03,143.204,145.377,142.58,144.714,65970189.973632
2021-08-04,144.626,145.128,143.656,144.317,57398049.817686
2021-08-05,144.347,145.178,143.547,144.427,47245301.268332
2021-08-06,143.944,144.686,143.234,143.736,55033190.364638
2021-08-09,143.796,144.287,143.134,143.686,49727686.855186
2021-08-10,144.032,145.267,142.916,143.214,70178902.711527
2021-08-11,143.646,144.307,143.144,143.458,49305507.249255
2021-08-12,143.786,146.589,143.439,146.432,75014576.068984
2021-08-13,146.511,146.986,145.819,146.638,60369269.88583
2021-08-16,146.087,148.703,144.06,148.633,105292919.4663
2021-08-17,147.755,149.186,146.628,147.717,93774161.596906
2021-08-18,147.33,148.24,143.746,143.954,87771556.609277
2021-08-19,142.648,145.553,142.124,144.287,88416498.949044
2021-08-20,145.008,146.047,144.367,145.74,61563559.85281
2021-08-23,145.859,147.717,145.445,147.241,61138743.737902
2021-08-24,146.986,148.379,146.688,147.153,49420363.462104
2021-08-25,147.34,147.842,145.357,145.908,59979132.368827
2021-08-26,145.918,146.658,145.078,145.098,49410976.720662
2021-08-27,145.048,146.294,144.417,146.147,56736823.693791
2021-08-30,146.54,150.965,146.157,150.609,92479833.124013
2021-08-31,150.155,150.294,148.803,149.335,87900812.37307
2021-09-01,150.324,152.417,149.84,150.006,81658599.951207
2021-09-02,151.331,152.159,149.897,151.124,72363111.687976
2021-09-03,151.233,152.071,150.581,151.755,58835059.595473
2021-09-07,152.407,154.669,151.845,154.107,83656046.083665
2021-09-08,154.39,154.45,151.428,152.546,75666406.339077
2021-09-09,152.92,153.534,151.408,151.528,58265339.77275
2021-09-10,152.437,152.91,146.245,146.511,143252554.58107
2021-09-13,148.151,148.932,146.294,147.083,104119134.33028
2021-09-14,147.872,148.584,144.497,145.67,111126508.4338
2021-09-15,146.107,146.976,143.964,146.569,84675897.164896
2021-09-16,145.988,146.511,144.792,146.332,69173410.681872
2021-09-17,146.362,146.362,143.359,143.656,132043534.87969
2021-09-20,141.433,142.463,138.934,140.585,125546570.28424
2021-09-21,141.563,142.224,140.426,141.07,77103835.285341
2021-09-22,142.075,144.022,141.335,143.448,77683766.011683
2021-09-23,144.237,144.656,143.243,144.417,65923914.381176
2021-09-24,143.263,145.038,143.174,144.507,54373379.693719
2021-09-27,143.084,143.557,141.453,142.985,75392415.952337
2021-09-28,140.892,142.374,139.352,139.566,110797129.08392
2021-09-29,140.121,142.075,139.685,140.475,75851287.98734
2021-09-30,141.295,142.006,138.944,139.163,90547956.4838
2021-10-01,139.556,140.565,136.822,140.299,96224362.334552
2021-10-04,139.421,139.864,135.992,136.851,99968453.139413
2021-10-05,137.197,139.894,137.068,138.777,82215115.966879
2021-10-06,137.178,139.804,136.091,139.655,84614692.492232
2021-10-07,140.702,141.839,140.367,140.932,62766396.19931
2021-10-08,141.663,141.811,140.211,140.545,59757336.557445
2021-10-11,139.923,142.434,139.47,140.455,65531499.787104
2021-10-12,140.872,140.892,138.71,139.173,74258876.052592
2021-10-13,138.904,139.063,136.911,138.581,80081637.513568
2021-10-14,139.764,141.513,139.173,141.393,71077725.475944
2021-10-15,141.403,142.512,141.147,142.463,69078025.553555
2021-10-18,141.09,144.427,140.802,144.14,87022404.328503
2021-10-19,144.577,146.708,144.14,146.304,77657890.964297
2021-10-20,146.245,147.291,145.67,146.798,59397035.938683
2021-10-21,146.352,147.173,145.426,147.015,62449511.917494
2021-10-22,147.221,147.707,146.185,146.235,59869472.225126
2021-10-25,146.225,146.907,145.188,146.185,51569893.840649
2021-10-26,146.868,148.359,146.55,146.858,61913081.564291
2021-10-27,146.897,147.261,146.037,146.392,57034263.215665
2021-10-28,147.35,150.649,147.251,150.066,101753736.23561
2021-10-29,144.782,147.469,144.003,147.33,127045564.34755
2021-11-01,146.531,147.231,145.357,146.501,75837271.155439
2021-11-02,146.205,149.079,146.195,147.549,70279464.671794
2021-11-03,147.912,149.474,147.35,149.002,55424353.528183
2021-11-04,149.089,149.927,148.161,148.475,61405950.480195
2021-11-05,149.613,149.917,147.805,149.011,66463103.753948
2021-11-08,149.138,149.295,147.902,148.18,55860689.68884
2021-11-09,147.942,149.157,147.805,148.544,57654723.686369
2021-11-10,147.765,147.872,145.62,145.69,66182087.739026
2021-11-11,146.718,147.183,145.455,145.64,41625760.582765
2021-11-12,146.195,148.141,145.257,147.736,64777892.575648
2021-11-15,148.112,149.603,147.183,147.745,60126761.684232
2021-11-16,147.687,149.215,147.093,148.733,60160677.881499
2021-11-17,148.723,152.664,148.723,151.184,90162522.968604
2021-11-18,151.39,156.288,150.758,155.5,139931432.10738
2021-11-19,155.281,158.599,154.176,158.136,119096114.15262
2021-11-22,159.241,163.212,158.579,158.599,119260882.80135
2021-11-23,158.689,159.361,156.675,158.976,97507854.188561
2021-11-24,158.334,159.697,157.247,159.499,70523894.568492
2021-11-26,157.168,158.037,154.008,154.45,78134441.986715
2021-11-29,156.979,158.758,156.407,157.839,90102842.084731
2021-11-30,157.584,163.034,157.524,162.817,176704672.60731
2021-12-01,164.96,167.734,162.057,162.293,154749541.00174
2021-12-02,156.347,161.73,155.43,161.296,138826318.71533
2021-12-03,161.552,162.481,157.326,159.401,119824584.41771
2021-12-06,161.82,165.356,161.81,162.837,109137783.84064
2021-12-07,166.531,169.002,165.81,168.605,122243182.48459
2021-12-08,169.544,173.317,168.131,172.447,118784735.76013
2021-12-09,172.28,174.096,171.31,171.935,110586317.71411
2021-12-10,172.566,176.933,172.06,176.753,117164203.08794
2021-12-13,178.384,179.391,172.891,173.1,155575982.2799
2021-12-14,172.616,175.063,169.624,171.706,141507841.72861
2021-12-15,172.477,176.803,169.724,176.604,133063766.65499
2021-12-16,176.584,178.412,168.181,169.674,152478234.08052
2021-12-17,167.371,170.866,167.133,168.565,198913956.9958
2021-12-20,165.75,168.013,164.94,167.192,109139947.51947
2021-12-21,168.982,170.598,166.571,170.395,92577739.338104
2021-12-22,170.445,173.218,169.564,173,93541627.377613
2021-12-23,173.208,174.185,172.636,173.631,69399940.869587
2021-12-27,174.422,177.712,174.402,177.624,76063132.091068
2021-12-28,177.455,178.6,175.843,176.594,80352373.775941
2021-12-29,176.634,177.918,175.461,176.683,63300606.174562
2021-12-30,176.773,177.858,175.411,175.519,60685371.517323
2021-12-31,175.411,176.535,174.591,174.898,65040087.520924
2022-01-03,175.152,180.132,175.034,179.272,106299348.04389
2022-01-04,179.885,180.189,176.428,177.002,100826282.44168
2022-01-05,176.913,177.465,172.013,172.29,95980595.615036
2022-01-06,170.035,172.666,169.06,169.414,98383067.845335
2022-01-07,170.295,171.518,168.456,169.584,88032648.959208
2022-01-10,166.531,169.907,165.641,169.604,108395189.42033
2022-01-11,169.734,172.546,168.25,172.447,77300463.775824
2022-01-12,173.474,174.511,172.19,172.891,75946975.848446
2022-01-13,173.14,173.969,169.207,169.604,85795629.816979
2022-01-14,168.763,171.175,168.515,170.475,81668603.295555
2022-01-18,168.932,169.946,166.858,167.242,92560300.309454
2022-01-19,167.441,168.505,163.448,163.736,96262217.095538
2022-01-20,164.478,167.123,161.711,162.037,92815930.306879
2022-01-21,161.95,163.835,159.854,159.962,124723984.54608
2022-01-24,157.623,159.854,152.369,159.181,165190191.47137
2022-01-25,156.595,160.308,154.659,157.385,117565877.86293
2022-01-26,161.039,161.92,155.45,157.297,109927989.32013
2022-01-27,160.002,161.376,155.904,156.832,123816116.24741
2022-01-28,163.222,167.784,160.348,167.764,182682142.67354
2022-01-31,167.598,172.367,166.955,172.15,117305181.39433
2022-02-01,171.399,172.21,169.724,171.983,87529853.332652
2022-02-02,172.11,173.237,170.727,173.198,86210361.588798
2022-02-03,171.856,173.591,169.534,170.305,90782924.715222
2022-02-04,169.314,171.697,168.329,170.016,83617594.969461
2022-02-07,170.484,171.548,168.595,169.295,78330547.022842
2022-02-08,169.364,172.93,169.07,172.417,75874720.922726
2022-02-09,173.621,174.214,172.487,173.85,72281022.502776
2022-02-10,171.736,173.06,169.187,169.753,92135464.957344
2022-02-11,169.956,170.697,165.721,166.312,100049300.00644
2022-02-14,165.06,167.242,164.269,166.551,87389702.225888
2022-02-15,168.615,170.57,167.904,170.415,65184519.41108
2022-02-16,169.484,170.956,167.705,170.175,62032159.836446
2022-02-17,168.674,169.544,166.145,166.551,70561636.943725
2022-02-18,167.481,168.191,163.904,164.99,83929162.696501
2022-02-22,162.709,164.399,159.913,162.057,92436471.461217
2022-02-23,163.262,163.864,157.554,157.869,91266843.585497
2022-02-24,150.482,160.605,149.907,160.497,143119633.62431
2022-02-25,161.582,162.847,158.659,162.581,93259272.858518
2022-02-28,160.813,163.143,160.19,162.847,96384746.926486
2022-03-01,162.422,164.309,159.737,160.95,84640718.399772
2022-03-02,162.127,165.05,160.703,164.269,80838652.746994
2022-03-03,166.145,166.581,163.272,163.942,77749782.009481
2022-03-04,162.223,163.272,159.863,160.921,84990707.878975
2022-03-07,161.109,162.748,156.852,157.108,97765996.159401
2022-03-08,156.635,160.635,153.651,155.271,132980665.99804
2022-03-09,159.251,161.158,157.218,160.703,92732700.051932
2022-03-10,157.987,158.176,153.829,156.337,106813857.10068
2022-03-11,156.744,157.088,152.369,152.595,98324955.299559
2022-03-14,149.364,151.993,148.032,148.544,110251300.85194
2022-03-15,148.823,153.425,148.31,152.95,94263186.425233
2022-03-16,154.887,157.799,152.329,157.395,103729480.78074
2022-03-17,156.427,158.777,155.46,158.403,76671863.944268
2022-03-18,158.295,162.213,157.564,161.721,125237379.87021
2022-03-21,161.258,164.062,160.773,163.104,97150014.919001
2022-03-22,163.232,167.083,162.641,166.491,82671161.145866
2022-03-23,165.671,170.265,165.336,167.864,99432792.274237
2022-03-24,168.704,171.736,167.864,171.667,91390722.045462
2022-03-25,171.479,172.861,170.375,172.309,81671535.449931
2022-03-28,169.801,173.307,169.634,173.179,91634579.888561
2022-03-29,174.253,176.545,173.91,176.495,101994861.38372
2022-03-30,176.092,177.137,174.263,175.321,93927411.212358
2022-03-31,175.391,175.579,171.993,172.2,104489075.82403
2022-04-01,171.627,172.467,169.574,171.905,79851630.454952
2022-04-04,172.16,176.032,172.032,175.982,77615472.936816
2022-04-05,175.053,175.843,172.013,172.646,74427345.331229
2022-04-06,169.986,171.242,167.784,169.464,90303099.318751
2022-04-07,168.803,170.976,167.51,169.771,78678791.991689
2022-04-08,169.414,169.414,166.868,167.744,77645410.070998
2022-04-11,166.381,166.7,163.222,163.468,73256126.84276
2022-04-12,165.701,167.529,164.349,165.346,80372662.947744
2022-04-13,165.08,168.684,164.478,168.052,71605602.362238
2022-04-14,168.27,168.912,162.768,163.014,76381867.194085
2022-04-18,161.661,164.299,161.316,162.797,69988333.939256
2022-04-19,162.748,165.503,161.651,165.09,68670061.226434
2022-04-20,166.431,166.551,163.815,164.92,68878919.514123
2022-04-21,166.581,169.167,163.628,164.13,88446501.894703
2022-04-22,164.169,165.552,159.271,159.557,86068389.022876
2022-04-25,158.896,160.921,156.279,160.635,97388322.323464
2022-04-26,160.012,160.102,154.56,154.639,96959275.036893
2022-04-27,153.76,157.593,153.237,154.41,89293597.851483
2022-04-28,157.058,162.243,156.744,161.386,132036162.98189
2022-04-29,159.607,163.914,155.083,155.48,133588329.68035
2022-05-02,154.55,156.052,151.164,155.785,124774576.35887
2022-05-03,155.972,158.491,154.166,157.287,90209553.874309
2022-05-04,157.475,164.189,157.068,163.736,109769047.51824
2022-05-05,161.592,161.82,152.812,154.61,132348955.81486
2022-05-06,154.087,157.475,152.279,155.341,117574375.64321
2022-05-09,153.015,153.908,149.623,150.185,133220572.11512
2022-05-10,153.603,154.808,151.045,152.605,116807002.69594
2022-05-11,151.608,153.534,144.013,144.696,144471199.85659
2022-05-12,141.012,144.397,137.088,140.802,184881689.77383
2022-05-13,142.806,146.279,141.343,145.297,115413941.82181
2022-05-16,143.756,145.7,142.404,143.746,87725463.263983
2022-05-17,147.025,147.922,144.87,147.399,79314223.054452
2022-05-18,145.038,145.543,138.174,139.083,111112947.21982
2022-05-19,138.154,139.913,134.916,135.656,137794691.42982
2022-05-20,137.375,138.964,130.974,135.893,139141786.53167
2022-05-23,136.091,141.493,135.952,141.343,119195988.63608
2022-05-24,139.068,140.221,135.637,138.631,105432764.80283
2022-05-25,136.723,140.038,136.634,138.787,93637272.714382
2022-05-26,135.696,142.561,135.449,142.006,91732640.000257
2022-05-27,143.597,147.833,143.468,147.795,92114300.999153
2022-05-31,147.231,148.803,145.028,147.005,105013262.20525
2022-06-01,148.052,149.869,145.859,146.878,75214047.615229
2022-06-02,146.008,149.404,145.048,149.344,73251265.905895
2022-06-03,145.088,146.147,142.677,143.587,89676022.263501
2022-06-06,145.218,146.737,143.114,144.337,72492231.778883
2022-06-07,142.565,147.163,142.324,146.878,68654683.615708
2022-06-08,146.748,148.022,145.64,146.137,54623728.573318
2022-06-09,145.267,146.127,140.772,140.882,70340293.712801
2022-06-10,138.551,139.023,135.37,135.439,92709777.408607
2022-06-13,131.231,133.532,129.82,130.254,123732762.46939
2022-06-14,131.489,132.24,129.86,131.122,85842794.370604
2022-06-15,132.634,135.646,130.53,133.759,92675692.126469
2022-06-16,130.451,130.758,127.449,128.457,109309326.00896
2022-06-17,128.462,131.439,128.21,129.939,136199674.37312
2022-06-21,131.774,135.37,131.677,134.195,82011718.006729
2022-06-22,133.128,136.062,132.258,133.68,74325692.92543
2022-06-23,135.134,136.881,133.959,136.565,73338048.96806
2022-06-24,138.174,140.161,138.047,139.913,90229393.503106
2022-06-27,140.937,141.723,139.227,139.913,71084400.784577
2022-06-28,140.377,141.655,135.632,135.745,68155709.104697
2022-06-29,135.765,138.934,134.984,137.513,67069397.545083
2022-06-30,135.558,136.664,132.125,135.034,100199963.73713
2022-07-01,134.362,137.326,133.988,137.217,71938577.043689
2022-07-05,136.072,139.864,135.241,139.814,74346354.691435
2022-07-06,139.611,142.344,139.342,141.157,74988890.356151
2022-07-07,141.523,144.743,141.513,144.547,67080836.592094
2022-07-08,143.472,145.73,143.214,145.228,65353628.579759
2022-07-11,143.875,144.83,142.006,143.084,64095429.594696
2022-07-12,143.964,146.618,143.263,144.06,78557396.143096
2022-07-13,141.227,144.646,140.367,143.696,72074258.032508
2022-07-14,142.304,147.113,141.483,146.638,79116272.259545
2022-07-15,147.932,149.002,146.372,148.32,77211978.727642
2022-07-18,148.883,149.702,144.89,145.257,82437346.134002
2022-07-19,146.097,149.364,145.098,149.138,84018339.271424
2022-07-20,149.235,151.825,148.514,151.154,65632684.425181
2022-07-21,152.595,153.651,150.066,153.435,65899193.565829
2022-07-22,153.474,154.353,151.518,152.189,67507800.186087
2022-07-25,152.11,153.128,150.404,151.065,54293399.513202
2022-07-26,150.389,151.199,148.942,149.732,55827055.974677
2022-07-27,150.698,155.391,150.284,154.858,79602207.998438
2022-07-28,155.044,155.696,152.506,155.41,82394683.085334
2022-07-29,159.251,161.612,157.534,160.507,103057592.18525
2022-08-01,159.026,161.572,158.906,159.518,68676177.643763
2022-08-02,158.126,160.407,157.662,158.037,60654919.028661
2022-08-03,158.857,164.537,158.768,164.082,83537531.765235
2022-08-04,163.957,165.129,162.402,163.766,56166696.852403
2022-08-05,161.422,164.032,161.214,163.538,57325176.185764
2022-08-08,164.548,165.973,162.4,163.063,61031140.559495
2022-08-09,162.221,164.002,161.461,163.113,63835031.669705
2022-08-10,165.843,167.486,165.072,167.386,70948015.464141
2022-08-11,168.197,169.116,166.345,166.645,57782360.182701
2022-08-12,167.96,170.284,167.543,170.214,68793244.662313
2022-08-15,169.642,171.49,169.467,171.292,54691019.085695
2022-08-16,170.886,171.807,169.781,171.135,57001696.370338
2022-08-17,170.876,174.219,170.677,172.638,80423346.765256
2022-08-18,171.847,172.983,171.224,172.242,62980236.497574
2022-08-19,171.135,171.837,169.432,169.642,71125717.794177
2022-08-22,167.83,167.999,165.305,165.733,69791612.154791
2022-08-23,165.25,166.862,164.823,165.397,54747017.740352
2022-08-24,165.397,166.268,164.425,165.694,54438077.252432
2022-08-25,166.929,168.275,166.505,168.167,51785696.450071
2022-08-26,168.701,169.175,161.767,161.827,79835851.77061
2022-08-29,159.38,161.115,158.068,159.611,74126256.847693
2022-08-30,160.352,160.779,155.991,157.169,78769381.987204
2022-08-31,158.548,158.82,155.418,155.498,88966014.583536
2022-09-01,154.925,156.685,152.975,156.229,75052348.311835
2022-09-02,157.999,158.604,153.267,154.103,77810444.584718
2022-09-06,154.756,155.369,152.006,152.836,74531588.628229
2022-09-07,153.128,154.955,151.927,154.252,88418497.684136
2022-09-08,152.945,154.646,151.007,152.768,85864786.137178
2022-09-09,153.766,156.091,153.054,155.645,68835329.847857
2022-09-12,157.841,162.459,157.555,161.639,106118852.9407
2022-09-13,158.148,158.78,151.689,152.153,124015624.60331
2022-09-14,153.089,155.379,151.927,153.608,88940048.032144
2022-09-15,152.955,153.54,149.722,150.7,91483622.493038
2022-09-16,149.554,149.693,146.744,149.049,164076857.90606
2022-09-19,147.674,152.866,147.466,152.788,82376964.252195
2022-09-20,151.719,156.347,151.402,155.179,108882977.27135
2022-09-21,155.616,156.999,151.918,152.036,102823569.97072
2022-09-22,150.71,152.778,149.255,151.067,87612634.729947
2022-09-23,149.534,149.81,146.932,148.782,97093901.06948
2022-09-26,148.02,152.084,148,149.118,94373590.870838
2022-09-27,151.067,153.025,148.303,150.097,85378349.579502
2022-09-28,146.022,148.992,143.254,148.198,148316698.05209
2022-09-29,144.5,145.112,139.138,140.92,129557982.88318
2022-09-30,139.73,141.532,136.488,136.685,126309420.89963
2022-10-03,136.695,141.502,136.175,140.89,115578213.22531
2022-10-04,143.44,144.619,142.677,144.5,88803203.436777
2022-10-05,142.498,145.765,141.442,144.795,80351490.335036
2022-10-06,144.212,145.923,143.629,143.838,69160051.269276
2022-10-07,140.98,141.532,137.918,138.556,86877596.904583
2022-10-10,138.88,140.335,137.054,138.88,75728867.871683
2022-10-11,138.366,139.8,136.705,137.456,77887189.585765
2022-10-12,137.605,138.821,136.646,136.824,71214135.711501
2022-10-13,133.51,142.015,132.897,141.422,114478473.86114
2022-10-14,142.727,142.937,136.675,136.863,89579616.669666
2022-10-17,139.52,141.333,138.735,140.85,86195502.250724
2022-10-18,143.897,145.092,139.068,142.174,100235023.69146
2022-10-19,140.138,143.359,139.95,142.284,62442609.980765
2022-10-20,141.452,144.29,141.088,141.82,65236879.655609
2022-10-21,141.303,146.228,141.087,145.655,87507550.173219
2022-10-24,145.571,148.583,144.4,147.812,76823782.363069
2022-10-25,148.445,150.818,147.723,150.67,75560308.736268
2022-10-26,149.305,150.325,146.418,147.714,89416026.991461
2022-10-27,146.447,147.412,142.551,143.215,110389844.09379
2022-10-28,146.575,155.774,146.2,154.034,166587904.91873
2022-10-31,151.476,152.55,150.255,151.659,99028361.627471
2022-11-01,153.38,153.746,147.496,149.001,81269931.96942
2022-11-02,147.312,150.502,143.41,143.44,94641743.388593
2022-11-03,140.502,141.235,137.23,137.358,99003433.455033
2022-11-04,140.766,141.34,133.128,137.091,142139207.52699
2022-11-07,135.833,137.849,134.406,137.625,84158795.015957
2022-11-08,139.101,140.113,136.208,138.199,90754097.110213
2022-11-09,137.21,137.259,133.339,133.613,75622421.587221
2022-11-10,139.924,145.502,138.199,145.502,119971890.96032
2022-11-11,144.462,148.611,143.025,148.306,94863576.031828
2022-11-14,147.583,148.881,146.057,146.899,74064222.746559
2022-11-15,150.796,152.158,147.177,148.641,90713574.532698
2022-11-16,147.74,148.473,145.917,147.403,64822260.851038
2022-11-17,145.065,150.068,144.787,149.315,81145489.921176
2022-11-18,150.885,151.277,148.572,149.88,75533370.838412
2022-11-21,148.761,148.97,146.338,146.63,59276390.050373
2022-11-22,146.75,149.02,145.556,148.781,52291367.656448
2022-11-23,148.058,150.417,147.948,149.664,58849739.646807
2022-11-25,146.923,147.493,145.749,146.73,35526889.15326
2022-11-28,143.789,145.274,142.043,142.876,69998749.8603
2022-11-29,142.946,143.459,139.046,139.854,84551630.340516
2022-11-30,140.078,147.334,139.241,146.65,112428455.43631
2022-12-01,146.83,147.74,145.244,146.928,71920550.637368
2022-12-02,144.601,146.62,144.292,146.433,66063001.711167
2022-12-05,146.393,149.514,144.412,145.264,69473778.32925
2022-12-06,145.704,145.927,140.597,141.579,65335967.418454
2022-12-07,140.866,142.033,138.697,139.625,70376844.838628
2022-12-08,141.034,142.182,139.784,141.32,62712676.360296
2022-12-09,141.016,144.213,139.586,140.836,76812729.528173
2022-12-12,141.369,143.155,139.744,143.145,71125379.465157
2022-12-13,148.108,148.572,142.896,144.113,94769192.594588
2022-12-14,143.996,145.289,139.844,141.875,83065158.834158
2022-12-15,139.794,140.477,134.758,135.227,99862395.568958
2022-12-16,135.411,136.368,132.485,133.257,161663230.65923
2022-12-19,133.851,133.941,130.096,131.136,80341209.875146
2022-12-20,130.165,132.008,128.679,131.067,78161101.26127
2022-12-21,131.741,135.535,131.514,134.189,86736175.290876
2022-12-22,133.1,133.306,129.086,130.997,78584333.818343
2022-12-23,129.699,131.181,128.432,130.632,64415093.989412
2022-12-27,130.155,130.185,127.52,128.819,69656872.345698
2022-12-28,128.462,129.807,124.697,124.865,86241968.415886
2022-12-29,126.797,129.265,126.54,128.402,76415729.397167
2022-12-30,127.213,128.739,126.244,128.719,77758742.197295
2023-01-03,129.066,129.68,123.014,123.905,113171974.32769
2023-01-04,125.707,127.457,123.914,125.182,89951777.32936
2023-01-05,125.945,126.579,123.598,123.856,81724190.07985
2023-01-06,124.836,129.076,123.727,128.412,88580078.238775
2023-01-09,129.249,132.168,128.679,128.937,71456624.913277
2023-01-10,129.046,130.04,126.927,129.512,64497120.286436
2023-01-11,130.027,132.265,129.244,132.246,70112234.274854
2023-01-12,132.632,133.008,130.215,132.168,72050998.108719
2023-01-13,130.8,133.662,130.433,133.504,58353439.265133
2023-01-17,133.573,136.011,132.881,134.674,64245245.389882
2023-01-18,135.54,137.319,133.771,133.951,70328096.616968
2023-01-19,132.831,134.98,132.524,134.01,58828560.303889
2023-01-20,134.02,136.734,132.969,136.586,80978156.759762
2023-01-23,136.833,141.979,136.615,139.794,82529296.828857
2023-01-24,138.996,141.827,138.991,141.201,67059987.331326
2023-01-25,139.576,141.102,137.516,140.537,66418214.479763
2023-01-26,141.836,142.906,140.577,142.618,54613944.749912
2023-01-27,141.822,145.858,141.749,144.572,71219444.939713
2023-01-30,143.604,144.193,141.519,141.669,64617359.641549
2023-01-31,141.369,142.995,140.956,142.946,66494030.915113
2023-02-01,142.628,145.244,140.004,144.073,78394086.146226
2023-02-02,147.513,149.772,146.79,149.414,119451998.75695
2023-02-03,146.65,155.914,146.452,153.06,155809120.77703
2023-02-06,151.154,151.673,149.374,150.317,70515347.364621
2023-02-07,149.235,153.783,149.235,153.209,84106228.213884
2023-02-08,152.446,153.139,149.761,150.504,64723150.368575
2023-02-09,152.343,152.891,149.02,149.464,56533909.418659
2023-02-10,148.294,150.158,148.056,149.832,57902644.790929
2023-02-13,149.774,153.056,149.743,152.649,62688302.398038
2023-02-14,150.932,152.57,149.684,152.005,62192996.478466
2023-02-15,151.916,154.286,151.686,154.118,66185840.08124
2023-02-16,152.312,155.109,152.15,152.51,68704186.060765
2023-02-17,151.162,151.806,149.674,151.359,59609376.02417
2023-02-21,149.029,150.118,147.247,147.321,59330309.88088
2023-02-22,147.708,148.78,146.012,147.747,51412586.13796
2023-02-23,148.919,149.166,146.092,148.234,48774943.030655
2023-02-24,145.962,146.042,144.584,145.564,55905958.424582
2023-02-27,146.557,148.006,146.299,146.766,45352451.088075
2023-02-28,145.902,147.916,145.683,146.259,50944626.660507
2023-03-01,145.683,146.08,143.879,144.175,55915417.251815
2023-03-02,143.254,145.564,142.776,144.771,52691020.464668
2023-03-03,146.891,149.93,146.181,149.852,71288713.594923
2023-03-06,152.585,155.081,152.262,152.63,88246804.441092
2023-03-07,152.5,152.827,149.949,150.418,56623984.702122
2023-03-08,151.617,152.272,150.645,151.676,47576128.142808
2023-03-09,152.361,153.33,149.052,149.414,54257064.619106
2023-03-10,149.038,149.763,146.457,147.341,69111825.735229
2023-03-13,146.651,151.945,146.547,149.295,85121505.121054
2023-03-14,150.099,152.202,148.929,151.399,74275622.763941
2023-03-15,150.009,152.049,148.75,151.796,77774908.087678
2023-03-16,150.972,155.238,150.458,154.634,76854275.44419
2023-03-17,154.862,155.516,153.076,153.79,99722982.327178
2023-03-20,153.86,156.588,152.946,156.171,74220716.211999
2023-03-21,156.092,158.156,155.318,158.037,74519921.54397
2023-03-22,158.056,160.875,156.578,156.598,76297320.345697
2023-03-23,157.591,160.288,156.45,157.688,68154009.872444
2023-03-24,157.621,159.089,156.618,159,59722483.843689
2023-03-27,158.692,159.514,156.638,157.044,52802394.753783
2023-03-28,156.737,157.253,154.763,156.42,46353949.901304
2023-03-29,158.126,159.794,158.106,159.514,51709287.92951
2023-03-30,160.268,161.202,160.012,161.093,49891094.722768
2023-03-31,161.172,163.713,160.646,163.614,69290613.191856
2023-04-03,162.987,164.992,162.939,164.872,57424390.964905
2023-04-04,165.296,165.537,163.821,164.338,46642343.84918
2023-04-05,163.454,163.762,160.538,162.481,51916961.848291
2023-04-06,161.162,163.673,160.735,163.375,45747185.031829
2023-04-10,160.161,160.765,158.83,160.765,48092247.513759
2023-04-11,161.083,161.093,159.257,159.544,48019010.893529
2023-04-12,159.961,160.795,158.533,158.85,50527434.427225
2023-04-13,160.368,164.507,160.161,164.268,68984077.64673
2023-04-14,163.305,165.022,162.541,163.92,49774979.429572
2023-04-17,163.801,164.099,162.75,163.939,41842804.896576
2023-04-18,164.803,166.104,164.358,165.172,50315728.034522
2023-04-19,164.507,166.848,164.248,166.32,48095557.347391
2023-04-20,164.793,166.56,164.268,165.349,52869025.816881
2023-04-21,163.762,165.154,163.205,163.732,58796252.501715
2023-04-24,163.713,164.308,162.611,164.039,42279577.96049
2023-04-25,163.9,165.007,162.452,162.491,49097272.85192
2023-04-26,161.782,163.989,161.529,162.481,45856712.90949
2023-04-27,163.9,167.244,163.9,167.095,65412884.070829
2023-04-28,167.175,168.523,166.57,168.355,55710679.248189
2023-05-01,167.959,169.119,167.324,168.267,52885715.078484
2023-05-02,168.763,169.02,166.232,167.224,48806637.408916
2023-05-03,168.178,169.587,165.856,166.142,65648411.388587
2023-05-04,163.604,165.736,163.027,164.497,81874466.612674
2023-05-05,169.642,172.939,169.427,172.215,114345651.94249
2023-05-08,171.135,172.493,170.766,172.145,56403025.086955
2023-05-09,171.699,172.185,170.261,170.431,45683438.482694
2023-05-10,171.669,172.673,170.559,172.2,54147125.531907
2023-05-11,172.493,173.227,170.825,172.393,49904183.885183
2023-05-12,172.503,172.94,169.899,171.46,45827935.604145
2023-05-15,172.045,172.095,170.368,170.963,37507936.501843
2023-05-16,170.883,172.025,170.693,170.963,42382929.897687
2023-05-17,170.605,171.813,169.323,171.579,58326803.13553
2023-05-18,171.888,174.113,171.47,173.925,65920705.471316
2023-05-19,175.255,175.255,173.815,174.034,56170805.236423
2023-05-22,172.86,173.585,172.335,173.08,43853025.590035
2023-05-23,172.017,172.265,170.173,170.458,51075818.68947
2023-05-24,169.989,171.309,169.423,170.734,45435762.872537
2023-05-25,171.3,172.776,170.585,171.878,56421198.945361
2023-05-26,172.205,174.64,171.997,174.3,55189995.97952
2023-05-30,175.82,177.839,175.435,176.16,56326734.28202
2023-05-31,176.185,178.196,175.624,176.11,100270297.27247
2023-06-01,176.557,178.961,175.793,178.931,69347903.627049
2023-06-02,179.866,180.611,178.106,179.786,62398302.893594
2023-06-05,181.456,183.761,176.89,178.425,122736021.65674
2023-06-06,178.807,178.961,176.289,178.057,65268225.258394
2023-06-07,177.292,180.046,176.18,176.676,62345666.297886
2023-06-08,176.75,179.676,176.319,179.407,50539989.860524
2023-06-09,180.332,181.057,179.467,179.796,49216568.682098
2023-06-12,180.105,182.707,179.806,182.608,55109498.160775
2023-06-13,181.624,182.966,181.266,182.131,55284759.565743
2023-06-14,182.191,183.204,180.85,182.766,57834916.976831
2023-06-15,182.776,185.319,182.598,184.814,65856803.408176
2023-06-16,185.529,185.787,183.085,183.731,101911793.53417
2023-06-20,183.224,184.902,183.224,183.82,50121508.895805
2023-06-21,183.711,184.217,181.416,182.776,49836279.096564
2023-06-22,182.558,185.842,182.489,185.797,51577107.331574
2023-06-23,184.357,186.354,183.82,185.479,53460894.177196
2023-06-26,186.117,186.84,184.039,184.079,48400003.961896
2023-06-27,184.694,187.178,184.475,186.85,51059295.400019
2023-06-28,186.721,188.679,186.394,188.032,51548396.644183
2023-06-29,187.865,188.847,187.725,188.37,46647376.828048
2023-06-30,190.397,193.229,190.03,192.721,85764916.432294
2023-07-03,192.534,192.633,190.525,191.221,31661869.475512
2023-07-05,190.334,191.739,189.395,190.1,47224039.327966
2023-07-06,188.62,190.785,187.983,190.575,45448364.93791
2023-07-07,190.179,191.43,189.015,189.454,47118094.818156
2023-07-10,188.042,188.769,185.832,187.397,60310120.22991
2023-07-11,187.943,188.082,185.399,186.87,46940070.641089
2023-07-12,188.46,190.466,187.257,188.55,61143566.544433
2023-07-13,189.275,189.96,188.56,189.315,41610002.886004
2023-07-14,189.005,189.95,188.41,189.464,41885680.237161
2023-07-17,190.665,193.071,190.575,192.741,50847244.338029
2023-07-18,192.106,193.081,191.177,192.484,48666833.397017
2023-07-19,191.858,196.956,191.41,193.846,81028555.820294
2023-07-20,193.836,195.206,191.256,191.888,59966945.689224
2023-07-21,192.851,193.716,190,190.705,72417523.587632
2023-07-24,192.166,193.656,191.014,191.51,45799713.056816
2023-07-25,192.086,193.19,191.675,192.375,37524585.600588
2023-07-26,192.425,194.381,192.076,193.249,47779217.626347
2023-07-27,194.76,195.931,191.311,191.976,47767453.95411
2023-07-28,193.417,195.362,192.891,194.571,48604098.844127
2023-07-31,194.799,195.226,194.004,195.186,39075474.008667
2023-08-01,194.972,195.466,194.024,194.346,35509850.402808
2023-08-02,193.786,193.926,190.616,191.341,50715565.28549
2023-08-03,190.339,191.132,189.464,189.94,62646266.973444
2023-08-04,184.327,186.175,180.751,180.82,116707586.51003
2023-08-07,180.959,181.951,176.21,177.7,98207810.905491
2023-08-08,178.535,179.111,176.438,178.643,68262113.056292
2023-08-09,179.706,179.766,175.87,177.045,60769403.664896
2023-08-10,178.326,179.587,176.457,176.825,55040912.972471
2023-08-11,176.417,177.711,175.651,176.885,52302947.818077
2023-08-14,177.064,178.775,176.402,178.547,43899118.681202
2023-08-15,177.969,178.567,176.149,176.547,43845813.301977
2023-08-16,176.229,177.631,175.602,175.671,47205179.934536
2023-08-17,176.239,176.602,172.597,173.115,66400931.057962
2023-08-18,171.423,174.208,171.085,173.601,61485172.790635
2023-08-21,174.178,175.233,172.85,174.945,46548860.593815
2023-08-22,176.159,176.775,175.353,176.328,42299593.45206
2023-08-23,177.611,180.626,177.417,180.197,52992538.544383
2023-08-24,179.754,180.181,175.113,175.483,55226960.048802
2023-08-25,176.477,178.238,174.925,177.701,51712865.692934
2023-08-28,179.174,179.67,177.636,179.273,44044931.016011
2023-08-29,178.78,183.959,178.586,183.183,53275173.446835
2023-08-30,183.999,186.894,183.799,186.694,61125077.535289
2023-08-31,186.884,188.157,186.525,186.914,61105557.156476
2023-09-01,188.521,188.952,187.321,188.496,46000693.861146
2023-09-05,187.321,189.012,186.655,188.735,45511728.524494
2023-09-06,187.44,187.89,180.546,181.978,82174167.058038
2023-09-07,174.288,177.303,172.657,176.656,113064417.21382
2023-09-08,177.442,179.321,176.885,177.273,65937757.025585
2023-09-11,179.154,179.382,176.437,178.447,59254719.488448
2023-09-12,178.577,179.214,173.93,175.403,90832623.509928
2023-09-13,175.612,176.397,173.095,173.323,84699133.736329
2023-09-14,173.115,175.203,172.696,174.846,61207365.465518
2023-09-15,175.582,175.597,172.935,174.119,109818550.41218
2023-09-18,175.582,178.467,175.273,177.064,67601735.387488
2023-09-19,176.616,178.715,176.229,178.158,52092143.607753
2023-09-20,178.348,178.78,174.507,174.597,58735203.618147
2023-09-21,173.661,175.403,172.975,173.045,63472255.083986
2023-09-22,173.781,176.178,173.164,173.901,57015653.338002
2023-09-25,173.313,176.069,173.263,175.183,46409009.608409
2023-09-26,173.93,174.307,170.786,171.085,64919451.80429
2023-09-27,171.741,172.159,168.19,169.563,67264252.251093
2023-09-28,168.477,171.155,166.767,169.82,56582482.050466
2023-09-29,171.145,172.189,169.474,170.339,52126460.315102
2023-10-02,170.349,173.413,170.059,172.865,52431465.103288
2023-10-03,171.378,172.746,169.95,171.522,49848392.606597
2023-10-04,170.219,173.323,170.099,172.776,53291595.04969
2023-10-05,172.905,174.557,171.801,174.02,48776239.242854
2023-10-06,172.915,177.084,172.299,176.586,57559713.162283
2023-10-09,175.909,178.138,174.905,178.078,42607688.975267
2023-10-10,177.193,178.805,177.045,177.482,43921625.26286
2023-10-11,177.293,178.934,176.695,178.884,47794420.776684
2023-10-12,179.154,181.412,178.128,179.79,57033478.084301
2023-10-13,180.496,181.003,177.233,177.939,51719386.892549
2023-10-16,175.849,178.163,175.612,177.811,52785717.613048
2023-10-17,175.746,177.512,173.911,176.249,57843834.632896
2023-10-18,174.687,176.671,174.218,174.945,55044608.692781
2023-10-19,175.143,176.935,174.297,174.567,59606320.49935
2023-10-20,174.417,174.527,171.761,172,64572769.836378
2023-10-23,170.039,173.125,169.064,172.119,56266563.701024
2023-10-24,172.169,172.785,170.577,172.557,44040857.276485
2023-10-25,171.005,172.179,169.78,170.229,57449438.752075
2023-10-26,169.503,170.505,164.826,166.041,70986653.10134
2023-10-27,166.061,168.1,165.981,167.364,58798473.728104
2023-10-30,168.16,170.299,168.011,169.423,51392596.191652
2023-10-31,168.487,170.029,167.045,169.9,45075497.660565
2023-11-01,170.129,173.343,169.253,173.085,57226246.473739
2023-11-02,174.627,176.875,174.567,176.666,77730480.119481
2023-11-03,173.353,175.919,172.467,175.751,80237738.645055
2023-11-06,175.483,178.517,175.313,178.318,64167991.096119
2023-11-07,178.268,181.512,178.059,180.895,70890873.484545
2023-11-08,181.422,182.517,180.666,181.958,49592760.174502
2023-11-09,182.028,183.183,180.885,181.482,54038652.339932
2023-11-10,183.275,185.86,182.836,185.695,66429042.738
2023-11-13,185.118,185.326,183.514,184.101,43793069.298911
2023-11-14,186.991,187.399,185.596,186.731,60336467.063348
2023-11-15,187.135,188.783,187.07,187.299,53994614.049219
2023-11-16,188.853,190.239,187.937,188.992,54619391.887738
2023-11-17,189.532,189.659,187.858,188.972,51134707.787436
2023-11-20,189.172,191.179,189.162,190.726,46715210.827763
2023-11-21,190.686,190.796,189.022,189.919,38279191.266486
2023-11-22,190.766,192.201,190.104,190.586,39780392.234534
2023-11-24,190.149,190.179,188.535,189.252,24139598.571169
2023-11-27,189.202,189.949,188.185,189.072,40706491.15272
2023-11-28,189.062,190.358,188.685,189.679,38561191.307112
2023-11-29,190.179,191.364,188.255,188.655,43177447.071213
2023-11-30,189.122,189.601,187.478,189.232,48979522.57231
2023-12-01,189.611,190.836,188.515,190.516,45878255.899297
2023-12-04,189.262,189.332,186.742,188.715,43554166.176935
2023-12-05,189.492,193.665,189.462,192.689,66881228.127811
2023-12-06,193.715,194.024,191.383,191.593,41245657.354822
2023-12-07,192.898,194.262,192.858,193.535,47657815.141053
2023-12-08,193.466,195.249,192.938,194.97,53609015.376199
2023-12-11,192.38,192.758,190.696,192.45,61174957.797599
2023-12-12,192.35,193.984,190.997,193.974,52896865.245483
2023-12-13,194.352,197.252,194.113,197.212,70671340.835407
2023-12-14,197.272,198.866,195.419,197.362,67085173.097996
2023-12-15,196.783,197.65,196.256,196.823,129026156.6917
2023-12-18,195.349,195.886,193.655,195.149,55963418.692597
2023-12-19,195.419,196.206,195.149,196.196,40868545.7654
2023-12-20,196.156,196.933,194.093,194.093,52441057.160852
2023-12-21,195.359,196.335,192.768,193.945,46658933.081824
2023-12-22,194.442,194.672,192.24,192.868,37290538.878333
2023-12-26,192.878,193.157,192.101,192.32,29029048.085606
2023-12-27,191.763,192.768,190.367,192.42,48270155.964104
2023-12-28,193.406,193.925,192.44,192.848,34179104.769511
2023-12-29,193.167,193.665,191.001,191.803,42834073.019311
2024-01-02,186.442,187.728,183.19,184.938,82801688.009287
2024-01-03,183.524,185.178,182.736,183.554,58636121.271036
2024-01-04,181.462,182.395,180.195,181.222,72256721.024933
2024-01-05,181.302,182.069,179.488,180.495,62616368.742296
2024-01-08,181.397,184.898,180.814,184.859,59368901.388991
2024-01-09,183.225,184.451,182.039,184.441,43004377.820056
2024-01-10,183.653,185.695,183.225,185.486,46970469.779442
2024-01-11,185.835,186.343,182.926,184.888,49314832.138155
2024-01-12,185.356,186.034,184.489,185.217,40631380.21193
2024-01-16,181.472,183.564,180.249,182.936,65851980.277225
2024-01-17,180.585,182.239,179.618,181.989,47496985.157821
2024-01-18,185.386,188.425,185.128,187.917,78301756.985901
2024-01-19,188.615,191.224,188.106,190.836,69164446.344217
2024-01-22,191.573,194.592,191.533,193.157,60362037.727757
2024-01-23,194.282,195.01,193.097,194.442,42516313.79878
2024-01-24,194.682,195.638,193.605,193.765,53834827.008608
2024-01-25,194.482,195.525,192.382,193.436,55030155.692136
2024-01-26,193.535,194.024,191.214,191.693,44763228.778592
2024-01-29,191.284,191.473,188.863,191.006,47324522.198621
2024-01-30,190.219,191.076,186.761,187.329,56071335.64949
2024-01-31,186.333,186.388,183.653,183.703,55678282.797546
2024-02-01,183.29,186.243,183.125,186.154,65131624.125408
2024-02-02,179.181,186.622,178.573,185.148,102940825.69673
2024-02-05,187.438,188.535,185.138,186.971,69933187.404797
2024-02-06,186.154,188.595,186.063,188.585,43655790.345291
2024-02-07,189.919,190.329,187.898,188.695,53641736.069758
2024-02-08,188.67,188.818,186.642,187.608,41117481.814704
2024-02-09,188.176,189.514,187.528,188.376,45268797.972127
2024-02-12,187.942,188.196,186.321,186.681,41887030.927517
2024-02-13,185.304,185.743,183.052,184.575,56671721.551736
2024-02-14,184.855,185.065,181.982,183.688,54767932.838276
2024-02-15,183.089,184.027,180.895,183.399,65599087.818159
2024-02-16,182.96,184.387,181.209,181.853,49877610.743802
2024-02-20,181.334,181.972,179.548,181.104,53800541.598992
2024-02-21,181.484,182.43,180.206,181.863,41634136.40086
2024-02-22,183.019,184.49,182.002,183.907,52423742.131328
2024-02-23,184.545,184.575,181.773,182.062,45233169.578474
2024-02-26,181.783,182.301,180.196,180.706,40970217.59105
2024-02-27,180.646,183.461,179.11,182.172,54455482.883684
2024-02-28,182.052,182.661,179.678,180.965,49077076.157289
2024-02-29,180.815,182.112,179.08,180.296,137026403.9906
2024-03-01,179.1,180.077,176.935,179.21,73748120.200886
2024-03-04,175.708,176.456,173.354,174.661,81715128.875846
2024-03-05,170.332,171.608,169.194,169.694,95371647.853653
2024-03-06,170.631,170.81,168.257,168.696,68760230.303281
2024-03-07,168.726,170.302,168.067,168.576,71945576.516927
2024-03-08,168.576,173.264,168.516,170.302,76458880.652036
2024-03-11,172.506,173.943,171.618,172.317,60290745.888297
2024-03-12,172.715,173.593,170.581,172.795,59975854.808785
2024-03-13,172.337,172.75,170.332,170.7,52620720.360837
2024-03-14,172.476,173.871,171.618,172.566,73096911.280908
2024-03-15,170.74,172.187,169.857,172.187,122058951.8073
2024-03-18,175.129,177.264,173.085,173.284,75794356.322944
2024-03-19,173.903,176.162,172.596,175.638,55354130.641689
2024-03-20,175.279,178.222,174.651,178.222,53557480.745576
2024-03-21,176.606,177.045,170.412,170.94,106448354.93764
2024-03-22,171.329,172.616,169.634,171.848,71339131.913147
2024-03-25,170.137,171.508,169.024,170.422,54424883.107115
2024-03-26,169.574,170.99,169.154,169.284,57532802.051366
2024-03-27,169.982,173.165,169.684,172.875,60424874.424373
2024-03-28,171.319,171.798,170.082,171.05,65837880.963654
2024-04-01,170.76,170.82,169.049,169.604,46356811.860453
2024-04-02,168.656,168.915,167.808,168.416,49453562.783508
2024-04-03,168.366,170.252,168.157,169.224,47811677.1998
2024-04-04,169.862,171.489,168.396,168.396,53839472.278266
2024-04-05,169.164,169.962,168.526,169.154,42210735.119627
2024-04-08,168.606,168.776,167.818,168.028,37519651.926816
2024-04-09,168.276,169.654,167.928,169.244,42557989.40024
2024-04-10,168.376,168.666,166.691,167.359,49834373.258508
2024-04-11,167.918,175.019,167.738,174.601,91299350.228798
2024-04-12,173.823,177.912,173.773,176.107,101926625.66338
2024-04-15,174.92,176.187,172.067,172.257,73716732.447239
2024-04-16,171.319,173.324,167.848,168.955,73896645.860158
2024-04-17,169.184,170.222,167.578,167.578,51029245.259879
2024-04-18,167.608,168.217,166.132,166.621,43231372.957636
2024-04-19,165.793,165.983,163.664,164.517,67938279.983483
2024-04-22,165.1,166.84,164.357,165.424,48237473.546895
2024-04-23,164.935,166.631,164.507,166.481,49662366.684294
2024-04-24,166.122,168.876,165.793,168.596,48373206.10756
2024-04-25,169.099,170.182,167.729,169.464,50685501.788084
2024-04-26,169.454,170.91,168.756,168.876,44951138.947684
2024-04-29,172.935,175.589,172.666,173.065,68340890.155154
2024-04-30,172.895,174.551,169.574,169.902,66100626.206315
2024-05-01,169.154,172.272,168.686,168.876,50509879.140938
2024-05-02,172.077,172.98,170.462,172.596,94451900.154704
2024-05-03,186.177,186.531,182.202,182.92,163634677.65277
2024-05-06,181.896,183.738,179.968,181.254,78767298.603118
2024-05-07,182.99,184.437,180.865,181.942,77500223.439934
2024-05-08,182.391,182.611,180.995,182.281,45170422.141609
2024-05-09,182.102,184.197,181.653,184.107,49106182.185959
2024-05-10,184.686,184.876,181.919,182.838,50818248.137
2024-05-13,185.221,186.884,184.407,186.065,72128198.05667
2024-05-14,187.293,188.082,186.075,187.213,52454262.570641
2024-05-15,187.693,190.43,187.153,189.501,70481473.24051
2024-05-16,190.25,190.874,189.441,189.621,52906396.292761
2024-05-17,189.291,190.589,188.961,189.65,41330708.375653
2024-05-20,189.106,191.698,188.791,190.819,44412621.445723
2024-05-21,190.869,192.507,190.699,192.128,42358372.481591
2024-05-22,192.043,192.6,190.05,190.679,34688651.341859
2024-05-23,190.759,190.779,186.409,186.664,51064961.367799
2024-05-24,188.602,190.36,187.823,189.76,36369022.05681
2024-05-28,191.289,192.777,188.881,189.77,52340563.120111
2024-05-29,189.391,192.025,189.291,190.07,53129440.158867
2024-05-30,190.539,191.958,190.41,191.069,50005753.793738
2024-05-31,191.219,192.347,189.69,192.028,75245269.774455
2024-06-03,192.677,194.765,192.297,193.806,50138505.270751
2024-06-04,194.41,195.094,192.811,194.125,47526391.346201
2024-06-05,195.174,196.672,194.645,195.644,54219469.366523
2024-06-06,195.459,196.273,193.946,194.255,41229419.273009
2024-06-07,194.425,196.712,193.916,196.662,53165377.707087
2024-06-10,196.672,197.072,191.928,192.897,97374654.060906
2024-06-11,193.426,206.92,193.406,206.911,172572811.36756
2024-06-12,207.13,219.945,206.661,212.824,198363625.71691
2024-06-13,214.492,216.499,211.355,213.992,97976001.292171
2024-06-14,213.603,214.921,211.056,212.244,70203912.346023
2024-06-17,213.123,218.697,212.474,216.42,93836786.851846
2024-06-18,217.338,218.377,212.754,214.042,80035785.198718
2024-06-20,213.683,213.992,208.609,209.438,86272192.251307
2024-06-21,210.147,211.645,206.871,207.25,246706576.10566
2024-06-24,207.48,212.454,206.351,207.899,80820444.361092
2024-06-25,208.908,211.136,208.369,208.828,56779512.090369
2024-06-26,211.255,214.612,210.396,213.003,66289825.180481
2024-06-27,214.442,215.49,212.104,213.852,49830316.967217
2024-06-28,215.521,215.82,210.057,210.376,82638257.976919
2024-07-01,211.845,217.259,211.675,216.499,60472843.034603
2024-07-02,215.9,220.125,214.851,220.015,58113364.187234
2024-07-03,219.746,221.294,218.777,221.294,37413055.087235
2024-07-05,221.394,226.188,221.394,226.078,60482333.006176
2024-07-08,226.827,227.587,222.992,227.557,59154250.579759
2024-07-09,227.666,229.135,226.11,228.416,48225576.690342
2024-07-10,229.035,232.811,228.985,232.711,62700176.105223
2024-07-11,231.122,232.121,225.509,227.307,64785517.015463
2024-07-12,228.655,232.371,228.416,230.273,53107926.286188
2024-07-15,236.207,236.956,232.821,234.129,62703745.231571
2024-07-16,234.728,235.997,232.061,234.549,43284319.990648
2024-07-17,229.185,231.192,226.378,228.615,57412259.624241
2024-07-18,230.014,230.174,222.013,223.921,66111017.456789
2024-07-19,224.56,226.538,223.017,224.051,49208343.889941
2024-07-22,226.748,227.517,222.832,223.701,48257626.744141
2024-07-23,224.106,226.678,222.423,224.75,40006512.4425
2024-07-24,223.741,224.54,216.879,218.287,61849081.134895
2024-07-25,218.677,220.595,214.372,217.239,51450682.308586
2024-07-26,218.447,219.236,215.76,217.708,41649496.934385
2024-07-29,216.709,219.046,215.501,217.988,36353807.466876
2024-07-30,218.937,220.07,215.87,218.547,41692041.12069
2024-07-31,221.184,223.561,220.375,221.823,50094177.021851
2024-08-01,224.111,224.22,216.769,218.108,62573338.465331
2024-08-02,218.897,225.339,217.458,219.606,105690751.49103
2024-08-05,198.86,213.253,195.773,209.028,119686961.82937
2024-08-06,205.063,209.747,200.838,206.99,69741117.298101
2024-08-07,206.661,213.393,206.151,209.577,63589934.775537
2024-08-08,212.864,213.952,208.589,213.063,47215736.190683
2024-08-09,211.855,216.529,211.725,215.99,42250492.759381
2024-08-12,216.07,219.5099,215.6,217.53,38028092
2024-08-13,219.01,221.89,219.01,221.27,44155331
2024-08-14,220.57,223.03,219.7,221.72,41960574
2024-08-15,224.6,225.35,222.76,224.72,46414013
2024-08-16,223.92,226.8271,223.6501,226.05,44340240
2024-08-19,225.72,225.99,223.04,225.89,40687813
2024-08-20,225.77,227.17,225.45,226.51,30299033
2024-08-21,226.52,227.98,225.05,226.4,34765480
2024-08-22,227.79,228.34,223.9,224.53,43695321
2024-08-23,225.6589,228.22,224.33,226.84,38677250
2024-08-26,226.76,227.28,223.8905,227.18,30602208
2024-08-27,225.995,228.85,224.89,228.03,35934559
2024-08-28,227.92,229.86,225.68,226.49,38052167
2024-08-29,230.1,232.92,228.88,229.79,51906297
2024-08-30,230.19,230.4,227.48,229,52990770
2024-09-03,228.55,229,221.17,222.77,50190574
2024-09-04,221.66,221.78,217.48,220.85,43840196
2024-09-05,221.625,225.48,221.52,222.38,36615398
2024-09-06,223.95,225.24,219.77,220.82,48423011
2024-09-09,220.82,221.27,216.71,220.91,67179965
2024-09-10,218.92,221.48,216.73,220.11,51591033
2024-09-11,221.455,223.09,217.89,222.66,44587072
2024-09-12,222.5,223.55,219.82,222.77,37498225
2024-09-13,223.58,224.04,221.91,222.5,36766619
2024-09-16,216.54,217.22,213.92,216.32,59357427
2024-09-17,215.75,216.9,214.5,216.79,45519339
2024-09-18,217.55,222.71,217.54,220.69,59894928
2024-09-19,224.99,229.82,224.63,228.87,66781315
2024-09-20,229.97,233.09,227.62,228.2,318679888
2024-09-23,227.34,229.45,225.81,226.47,54146023
2024-09-24,228.645,229.35,225.73,227.37,43556068
2024-09-25,224.93,227.29,224.02,226.37,42308715
2024-09-26,227.3,228.5,225.41,227.52,36636707
2024-09-27,228.46,229.52,227.3,227.79,34025967
2024-09-30,230.04,233,229.65,233,54793391
2024-10-01,229.52,229.65,223.74,226.21,63285048
2024-10-02,225.89,227.37,223.02,226.78,32880605
2024-10-03,225.14,226.805,223.32,225.67,34044158
2024-10-04,227.9,228,224.13,226.8,37345098
2024-10-07,224.5,225.69,221.33,221.69,39505354
2024-10-08,224.3,225.98,223.25,225.77,31855693
2024-10-09,225.23,229.75,224.83,229.54,33591091
2024-10-10,227.78,229.5,227.17,229.04,28183544
2024-10-11,229.3,229.41,227.34,227.55,31759188
2024-10-14,228.7,231.73,228.6,231.3,39882085
2024-10-15,233.61,237.49,232.37,233.85,64751367
2024-10-16,231.6,232.12,229.84,231.78,34082240
2024-10-17,233.43,233.85,230.52,232.15,32993810
2024-10-18,236.18,236.18,234.01,235,46431472
2024-10-21,234.45,236.85,234.45,236.48,36254470
2024-10-22,233.885,236.22,232.6,235.86,38846578
2024-10-23,234.08,235.144,227.76,230.76,52286979
2024-10-24,229.98,230.82,228.41,230.57,31109503
2024-10-25,229.74,233.22,229.57,231.41,38802304
2024-10-28,233.32,234.73,232.55,233.4,36087134
2024-10-29,233.1,234.325,232.32,233.67,35417247
2024-10-30,232.61,233.47,229.55,230.1,47070907
2024-10-31,229.34,229.83,225.37,225.91,64370086
2024-11-01,220.965,225.35,220.27,222.91,65276741
2024-11-04,220.99,222.79,219.71,222.01,44944468
2024-11-05,221.795,223.95,221.14,223.45,28111338
2024-11-06,222.61,226.065,221.19,222.72,54561121
2024-11-07,224.625,227.875,224.57,227.48,42137691
2024-11-08,227.17,228.66,226.405,226.96,38328824
2024-11-11,225,225.7,221.5,224.23,42005602
2024-11-12,224.55,225.59,223.355,224.23,40398299
2024-11-13,224.01,226.65,222.76,225.12,48566217
2024-11-14,225.02,228.87,225,228.22,44923941
2024-11-15,226.4,226.92,224.27,225,47923696
2024-11-18,225.25,229.74,225.17,228.02,44686020
2024-11-19,226.98,230.16,226.66,228.28,36211774
2024-11-20,228.06,229.93,225.89,229,35169566
2024-11-21,228.88,230.155,225.7103,228.52,42108327
2024-11-22,228.06,230.7199,228.06,229.87,38168252
2024-11-25,231.46,233.245,229.74,232.87,90152832
2024-11-26,233.33,235.57,233.33,235.06,45986189
2024-11-27,234.465,235.69,233.8101,234.93,33498439
2024-11-29,234.805,237.81,233.97,237.33,28481377
2024-12-02,237.27,240.79,237.16,239.59,48137103
2024-12-03,239.81,242.76,238.9,242.65,38861017
2024-12-04,242.87,244.11,241.25,243.01,44383935
2024-12-05,243.99,244.54,242.13,243.04,40033878
2024-12-06,242.905,244.63,242.08,242.84,36870619
2024-12-09,241.83,247.24,241.75,246.75,44649232
2024-12-10,246.89,248.21,245.34,247.77,36914806
2024-12-11,247.96,250.8,246.2601,246.49,45205814
2024-12-12,246.89,248.74,245.68,247.96,32777532
2024-12-13,247.815,249.2902,246.24,248.13,33155290
2024-12-16,247.99,251.38,247.65,251.04,51694753
2024-12-17,250.08,253.83,249.78,253.48,51356360
2024-12-18,252.16,254.28,247.74,248.05,56774101
2024-12-19,247.5,252,247.0949,249.79,60882264
2024-12-20,248.04,255,245.69,254.49,147495267
2024-12-23,254.77,255.65,253.45,255.27,40858774
2024-12-24,255.49,258.21,255.29,258.2,23234705
2024-12-26,258.19,260.1,257.63,259.02,27262983
2024-12-27,257.83,258.7,253.06,255.59,42355321
2024-12-30,252.23,253.5,250.75,252.2,35557542
2024-12-31,252.44,253.28,249.43,250.42,39480718
2025-01-02,248.93,249.1,241.8201,243.85,55740731
2025-01-03,243.36,244.18,241.89,243.36,40244114
2025-01-06,244.31,247.33,243.2,245,45045571
2025-01-07,242.98,245.55,241.35,242.21,40855960
2025-01-08,241.92,243.7123,240.05,242.7,37628940
2025-01-10,240.01,240.16,233,236.85,61710856
2025-01-13,233.53,234.67,229.72,234.4,49630725
2025-01-14,234.75,236.12,232.472,233.28,39435294
2025-01-15,234.635,238.96,234.43,237.87,39831969
2025-01-16,237.35,238.01,228.03,228.26,71759052
2025-01-17,232.115,232.29,228.48,229.98,68488301
